{
  "description": "Attie Diversity Outbred mouse project, raw data",
  "crosstype": "do",
  "sep": ",",
  "na.strings": ["-", "NA"],
  "comment.char": "#",
  "geno": ["attieDO_geno1.csv", "attieDO_geno2.csv", "attieDO_geno3.csv", "attieDO_geno4.csv", "attieDO_geno5.csv", "attieDO_geno6.csv", "attieDO_geno7.csv", "attieDO_geno8.csv", "attieDO_geno9.csv", "attieDO_geno10.csv", "attieDO_geno11.csv", "attieDO_geno12.csv", "attieDO_geno13.csv", "attieDO_geno14.csv", "attieDO_geno15.csv", "attieDO_geno16.csv", "attieDO_geno17.csv", "attieDO_geno18.csv", "attieDO_geno19.csv", "attieDO_genoX.csv"],
  "founder_geno": ["GM/GM_foundergeno1.csv", "GM/GM_foundergeno2.csv", "GM/GM_foundergeno3.csv", "GM/GM_foundergeno4.csv", "GM/GM_foundergeno5.csv", "GM/GM_foundergeno6.csv", "GM/GM_foundergeno7.csv", "GM/GM_foundergeno8.csv", "GM/GM_foundergeno9.csv", "GM/GM_foundergeno10.csv", "GM/GM_foundergeno11.csv", "GM/GM_foundergeno12.csv", "GM/GM_foundergeno13.csv", "GM/GM_foundergeno14.csv", "GM/GM_foundergeno15.csv", "GM/GM_foundergeno16.csv", "GM/GM_foundergeno17.csv", "GM/GM_foundergeno18.csv", "GM/GM_foundergeno19.csv", "GM/GM_foundergenoX.csv"],
  "gmap": ["GM/GM_gmap1.csv", "GM/GM_gmap2.csv", "GM/GM_gmap3.csv", "GM/GM_gmap4.csv", "GM/GM_gmap5.csv", "GM/GM_gmap6.csv", "GM/GM_gmap7.csv", "GM/GM_gmap8.csv", "GM/GM_gmap9.csv", "GM/GM_gmap10.csv", "GM/GM_gmap11.csv", "GM/GM_gmap12.csv", "GM/GM_gmap13.csv", "GM/GM_gmap14.csv", "GM/GM_gmap15.csv", "GM/GM_gmap16.csv", "GM/GM_gmap17.csv", "GM/GM_gmap18.csv", "GM/GM_gmap19.csv", "GM/GM_gmapX.csv"],
  "pmap": ["GM/GM_pmap1.csv", "GM/GM_pmap2.csv", "GM/GM_pmap3.csv", "GM/GM_pmap4.csv", "GM/GM_pmap5.csv", "GM/GM_pmap6.csv", "GM/GM_pmap7.csv", "GM/GM_pmap8.csv", "GM/GM_pmap9.csv", "GM/GM_pmap10.csv", "GM/GM_pmap11.csv", "GM/GM_pmap12.csv", "GM/GM_pmap13.csv", "GM/GM_pmap14.csv", "GM/GM_pmap15.csv", "GM/GM_pmap16.csv", "GM/GM_pmap17.csv", "GM/GM_pmap18.csv", "GM/GM_pmap19.csv", "GM/GM_pmapX.csv"],
  "covar": "attieDO_covar.csv",
  "x_chr": "X",
  "genotypes": {
    "A": 1,
    "H": 2,
    "B": 3
  },
  "geno_transposed": true,
  "founder_geno_transposed": true,
  "sex": {
    "covar": "sex",
    "M": "Male",
    "F": "Female"
  },
  "cross_info": {
    "covar": "gen"
  }
}
